silhouette,davies_bouldin,calinski_harabasz,tier_monotone,tier_wr_r2,patch,k,n_rows,stability_ari
0.5058772309452226,0.7589066726991193,117.34643202693209,True,0.7587403138184053,15.12,5,135,0.8085260023730104
