silhouette,davies_bouldin,calinski_harabasz,tier_monotone,tier_wr_r2,patch,k,n_rows,stability_ari
0.40749578610922477,0.820200281686233,137.76863573679472,True,0.7246338903330267,15.13,5,161,0.9179162985765036
