silhouette,davies_bouldin,calinski_harabasz,tier_monotone,tier_wr_r2,patch,k,n_rows,stability_ari
0.6451260604958712,0.6113241503247216,119.64059959432356,True,0.8663776097057392,15.8,5,107,1.0
