silhouette,davies_bouldin,calinski_harabasz,tier_monotone,tier_wr_r2,patch,k,n_rows,stability_ari
0.5011620577030403,0.7314216756649153,96.38527864165546,True,0.7993969735875326,15.10,5,120,0.8327397272063901
