silhouette,davies_bouldin,calinski_harabasz,tier_monotone,tier_wr_r2,patch,k,n_rows,stability_ari
0.47762086776377366,0.7552396465831854,127.1379879074032,True,0.7058089128637199,15.6,5,142,1.0
