silhouette,davies_bouldin,calinski_harabasz,tier_monotone,tier_wr_r2,patch,k,n_rows,stability_ari
0.328280327676325,0.883727417643741,101.15485623037408,True,0.15260181883193402,15.20,5,171,0.8371111767482647
