silhouette,davies_bouldin,calinski_harabasz,tier_monotone,tier_wr_r2,patch,k,n_rows,stability_ari
0.5360369029042373,0.7232355247640724,97.65524971314039,True,0.789747866348308,15.9,5,123,0.7848935071941205
