silhouette,davies_bouldin,calinski_harabasz,tier_monotone,tier_wr_r2,patch,k,n_rows,stability_ari
0.4100715230404074,0.8299194671944887,87.41794814278008,True,0.7224943477911008,15.14,5,130,0.7902720068284114
