silhouette,davies_bouldin,calinski_harabasz,tier_monotone,tier_wr_r2,patch,k,n_rows,stability_ari
0.44355247042185897,0.7837091883784214,130.8534958482458,True,0.7713216733152592,15.19,5,158,1.0
