silhouette,davies_bouldin,calinski_harabasz,tier_monotone,tier_wr_r2,patch,k,n_rows,stability_ari
0.5456800987555295,0.6954240672109856,78.86638330551871,True,0.8862033711084314,15.7,5,95,0.9285513925442311
