silhouette,davies_bouldin,calinski_harabasz,tier_monotone,tier_wr_r2,patch,k,n_rows,stability_ari
0.6646189840134169,0.6187547714810776,52.297308986648844,True,0.8723689273194486,15.3,5,47,1.0
