silhouette,davies_bouldin,calinski_harabasz,tier_monotone,tier_wr_r2,patch,k,n_rows,stability_ari
0.40309159934951194,0.8271405706522253,114.52209818930487,True,0.6589321829494571,15.18,5,159,0.9525656808470309
