silhouette,davies_bouldin,calinski_harabasz,tier_monotone,tier_wr_r2,patch,k,n_rows,stability_ari
0.5094208664680021,0.8028611841825981,136.2369585065794,True,0.7065136230571458,15.15,5,151,1.0
