silhouette,davies_bouldin,calinski_harabasz,tier_monotone,tier_wr_r2,patch,k,n_rows,stability_ari
0.4232520007384033,0.7650604767479129,109.27120786917811,True,0.8417681942239272,15.17,5,147,0.9755232006705418
