silhouette,davies_bouldin,calinski_harabasz,tier_monotone,tier_wr_r2,patch,k,n_rows,stability_ari
0.5290781875728533,0.6564265309486037,96.10447421439314,True,0.8081717478909698,15.11,5,121,0.9729630979804254
