silhouette,davies_bouldin,calinski_harabasz,tier_monotone,tier_wr_r2,patch,k,n_rows,stability_ari
0.47129817230044335,0.7690665403615554,87.7144524980022,True,0.7468087667600207,15.1,5,117,0.7027705120211762
