silhouette,davies_bouldin,calinski_harabasz,tier_monotone,tier_wr_r2,patch,k,n_rows,stability_ari
0.5498228131571868,0.6821402961063765,85.39478998642284,True,0.9119160141977947,15.2,5,106,0.9314754048412299
