silhouette,davies_bouldin,calinski_harabasz,tier_monotone,tier_wr_r2,patch,k,n_rows,stability_ari
0.40276132367803025,0.8089977990038324,121.30655278719017,True,0.7094375071769222,15.16,5,153,0.8682726382984237
